accession,mean_plddt,n_res,triad_found,catalytic_ser,his,acid,pocket_ok,composite,above_threshold,petase_like_hit
MGYP000313359214,0.9301,281,True,272,274,258,True,6.0945,True,True
MGYP001359663924,0.839,177,True,162,165,160,True,5.5269,True,True
MGYP001795340448,0.9156,246,True,192,143,196,True,4.7397,True,True
MGYP000078033438,0.9527,299,True,273,252,277,True,3.5629,True,True
MGYP001067721237,0.9322,706,True,649,643,653,True,1.2031,True,True
MGYP001560567859,0.9125,240,True,43,25,50,True,0.5098,True,True
MGYP000060527517,0.8928,255,True,246,231,229,True,-0.227,True,True
MGYP000567727857,0.8889,265,True,142,243,198,True,-0.7639,True,True
MGYP001302934565,0.7574,381,True,240,345,297,True,-0.9169,True,True
MGYP002047001896,0.8078,193,True,74,153,122,True,-0.9779,True,True
MGYP001319055111,0.8899,341,True,38,299,296,True,-0.9809,True,True
MGYP003131150232,0.7867,442,True,220,222,163,True,-1.0291,True,True
MGYP000697373172,0.7931,189,True,115,70,140,True,-1.1858,False,False
MGYP000264617265,0.8868,403,True,210,312,277,True,-1.4105,False,False
MGYP003496222012,0.7658,202,True,163,123,165,True,-1.6854,False,False
MGYP001461176969,0.9199,369,True,180,344,341,True,-1.7264,False,False
MGYP003373059215,0.9457,388,True,66,368,365,True,-1.7407,False,False
MGYP000738809561,0.9694,257,True,89,234,206,True,-1.8465,False,False
MGYP002621465577,0.9732,522,True,318,285,322,True,-1.862,False,False
MGYP000384804170,0.8794,297,True,144,146,92,True,-1.8838,False,False
MGYP001057628218,0.9648,433,True,301,409,378,True,-1.8893,False,False
MGYP000280301265,0.9391,311,True,10,8,11,True,-2.1985,False,False
MGYP002510656749,0.9347,498,True,433,114,38,True,-2.4586,False,False
MGYP000014388408,0.9429,203,True,76,184,156,True,-2.6001,False,False
MGYP002624796294,0.8943,281,True,129,253,225,True,-2.7563,False,False
MGYP001355479185,0.9254,302,True,124,278,247,True,-2.9326,False,False
MGYP001130621098,0.8127,22,False,,,,False,,,False
MGYP001261240640,0.8504,26,False,,,,False,,,False
MGYP000276346649,0.9009,129,False,,,,False,,,False
MGYP000982987484,0.7264,92,False,,,,False,,,False
MGYP002636259754,0.9336,107,False,,,,False,,,False
MGYP000523224140,0.9104,91,False,,,,False,,,False
MGYP001561921530,0.865,159,False,,,,False,,,False
MGYP003395046150,0.7888,97,False,,,,False,,,False
MGYP003398769788,0.9171,173,False,,,,False,,,False
MGYP002700232172,0.9337,278,False,,,,False,,,False
MGYP003335769157,0.7952,211,False,,,,False,,,False
MGYP001550809708,0.9354,229,False,,,,False,,,False
MGYP002150509835,0.9482,188,False,,,,False,,,False
MGYP001382249275,0.8308,223,False,,,,False,,,False
MGYP001477533279,0.9593,173,False,,,,False,,,False
MGYP001607588331,0.8582,122,False,,,,False,,,False
MGYP000088127708,0.8965,34,False,,,,False,,,False
MGYP003613543238,0.7752,116,False,,,,False,,,False
MGYP001000069932,0.9725,285,False,,,,False,,,False
MGYP001545965808,0.8921,105,False,,,,False,,,False
MGYP001056361768,0.8916,244,False,,,,False,,,False
MGYP000502633104,0.9439,178,False,,,,False,,,False
MGYP001220671637,0.8043,146,False,,,,False,,,False
MGYP004070497301,0.909,39,False,,,,False,,,False
MGYP002641641623,0.9551,257,False,,,,False,,,False
MGYP002648888900,0.9039,266,False,,,,False,,,False
MGYP003575367089,0.8447,273,False,,,,False,,,False
MGYP001613675070,0.8928,151,False,,,,False,,,False
MGYP002630828299,0.9572,117,False,,,,False,,,False
MGYP001814896835,0.9203,397,False,,,,False,,,False
MGYP001620032690,0.8446,137,False,,,,False,,,False
MGYP000374457805,0.9076,108,False,,,,False,,,False
MGYP001169217967,0.9406,156,False,,,,False,,,False
MGYP001052961321,0.8334,213,False,,,,False,,,False
MGYP002169071660,0.8686,69,False,,,,False,,,False
MGYP001994445851,0.926,215,False,,,,False,,,False
MGYP000202637833,0.8945,133,False,,,,False,,,False
MGYP003567751981,0.8935,26,False,,,,False,,,False
MGYP000931509323,0.8264,207,False,,,,False,,,False
MGYP001564362137,0.8551,226,False,,,,False,,,False
MGYP000900438808,0.9607,161,False,,,,False,,,False
MGYP001039516194,0.8721,181,False,,,,False,,,False
MGYP001071964822,0.9173,300,False,,,,False,,,False
MGYP002243603942,0.8071,69,False,,,,False,,,False
MGYP002623302307,0.9353,239,False,,,,False,,,False
MGYP002640846311,0.8374,429,False,,,,False,,,False
MGYP001612182029,0.8264,219,False,,,,False,,,False
MGYP000002730959,0.7512,181,False,,,,False,,,False
MGYP003462903158,0.8394,33,False,,,,False,,,False
MGYP001448384853,0.9795,263,False,,,,False,,,False
MGYP004379632385,0.8845,20,False,,,,False,,,False
MGYP003622975625,0.7923,79,False,,,,False,,,False
MGYP003308256918,0.8333,227,False,,,,False,,,False
MGYP001557779274,0.8384,87,False,,,,False,,,False
MGYP000231706378,0.8894,110,False,,,,False,,,False
MGYP000994411044,0.9072,36,False,,,,False,,,False
MGYP001614731581,0.9027,37,False,,,,False,,,False
MGYP001211057410,0.9243,145,False,,,,False,,,False
MGYP001590054883,0.8709,80,False,,,,False,,,False
MGYP000148743073,0.9448,23,False,,,,False,,,False
MGYP003593715658,0.8884,67,False,,,,False,,,False
MGYP001577005504,0.847,82,False,,,,False,,,False
MGYP001073550608,0.8829,128,False,,,,False,,,False
MGYP000013981528,0.9622,350,False,,,,False,,,False
MGYP001815481225,0.9609,464,False,,,,False,,,False
MGYP001571001022,0.7739,233,False,,,,False,,,False
MGYP000513241412,0.9736,287,False,,,,False,,,False
MGYP003598233037,0.878,195,False,,,,False,,,False
MGYP001208458300,0.9708,177,False,,,,False,,,False
MGYP000990298366,0.8573,178,False,,,,False,,,False
MGYP003595339756,0.9164,329,False,,,,False,,,False
MGYP003609193213,0.8846,295,False,,,,False,,,False
MGYP003337518903,0.922,197,False,,,,False,,,False
MGYP003646100198,0.9198,83,False,,,,False,,,False
MGYP001581034473,0.9004,201,False,,,,False,,,False
MGYP001160850836,0.8785,253,False,,,,False,,,False
MGYP003987272627,0.9133,198,False,,,,False,,,False
MGYP001120487358,0.8327,180,False,,,,False,,,False
MGYP001434278253,0.9495,339,False,,,,False,,,False
MGYP003681888728,0.8907,505,False,,,,False,,,False
MGYP003299482465,0.8427,538,False,,,,False,,,False
MGYP001813501372,0.7714,130,False,,,,False,,,False
MGYP001236393077,0.9884,274,False,,,,False,,,False
MGYP001563992201,0.8963,43,False,,,,False,,,False
MGYP001360611838,0.9233,63,False,,,,False,,,False
MGYP001592972476,0.7368,142,False,,,,False,,,False
MGYP000891169250,0.8597,246,False,,,,False,,,False
MGYP001308237542,0.8736,214,False,,,,False,,,False
MGYP000990104915,0.8398,90,False,,,,False,,,False
MGYP000470821823,0.8379,143,False,,,,False,,,False
MGYP000364427522,0.8485,65,False,,,,False,,,False
MGYP003407088534,0.8928,170,False,,,,False,,,False
MGYP001420753025,0.9654,194,False,,,,False,,,False
MGYP000558602725,0.9124,270,False,,,,False,,,False
MGYP001347629326,0.9181,74,False,,,,False,,,False
MGYP000356871145,0.833,508,False,,,,False,,,False
MGYP001262227931,0.8465,496,False,,,,False,,,False
MGYP001450121597,0.9203,37,False,,,,False,,,False
MGYP001280257350,0.9315,26,False,,,,False,,,False
MGYP000450888304,0.92,334,False,,,,False,,,False
MGYP000385020271,0.9069,318,False,,,,False,,,False
MGYP001312498009,0.8795,424,False,,,,False,,,False
MGYP001106916145,0.9205,209,False,,,,False,,,False
MGYP003381051944,0.9743,225,False,,,,False,,,False
MGYP001365212461,0.9116,123,False,,,,False,,,False
MGYP000735658145,0.9599,216,False,,,,False,,,False
MGYP000989413073,0.9343,44,False,,,,False,,,False
MGYP002545855424,0.9666,296,False,,,,False,,,False
MGYP000682603976,0.871,278,False,,,,False,,,False
MGYP001271832953,0.8661,196,False,,,,False,,,False
MGYP001015735405,0.7956,278,False,,,,False,,,False
MGYP000724886209,0.9133,88,False,,,,False,,,False
MGYP001451877243,0.9278,254,False,,,,False,,,False
MGYP002651445480,0.8907,377,False,,,,False,,,False
MGYP001627417792,0.9244,162,False,,,,False,,,False
MGYP001617944042,0.8023,300,False,,,,False,,,False
MGYP000569078640,0.9606,178,False,,,,False,,,False
MGYP000199260793,0.9177,244,False,,,,False,,,False
MGYP000524746518,0.8524,21,False,,,,False,,,False
MGYP002574500404,0.9054,117,False,,,,False,,,False
MGYP001302438227,0.8826,31,False,,,,False,,,False
MGYP003593596404,0.9424,62,False,,,,False,,,False
MGYP003597986029,0.822,180,False,,,,False,,,False
MGYP001581895438,0.9646,187,False,,,,False,,,False
MGYP000569400514,0.7098,117,False,,,,False,,,False
MGYP000694924001,0.903,54,False,,,,False,,,False
MGYP001624320114,0.8832,22,False,,,,False,,,False
MGYP000597841072,0.8381,69,False,,,,False,,,False
MGYP001051152694,0.9539,179,False,,,,False,,,False
MGYP001227058390,0.9082,136,False,,,,False,,,False
MGYP001571535270,0.9489,748,False,,,,False,,,False
MGYP000970044935,0.9326,270,False,,,,False,,,False
MGYP001321826805,0.8881,210,False,,,,False,,,False
MGYP000622018566,0.8686,21,False,,,,False,,,False
MGYP003582974624,0.9451,88,False,,,,False,,,False
MGYP001414046799,0.834,109,False,,,,False,,,False
MGYP001252659995,0.8972,112,False,,,,False,,,False
MGYP001333508656,0.7896,191,False,,,,False,,,False
MGYP000303688140,0.7696,83,False,,,,False,,,False
MGYP002786800998,0.9189,83,False,,,,False,,,False
MGYP000114749089,0.781,91,False,,,,False,,,False
MGYP001570109136,0.8876,97,False,,,,False,,,False
MGYP001550608109,0.9146,181,False,,,,False,,,False
MGYP001248494777,0.8762,305,False,,,,False,,,False
MGYP002622825354,0.8924,293,False,,,,False,,,False
MGYP003606842353,0.9118,238,False,,,,False,,,False
MGYP002747927386,0.94,408,False,,,,False,,,False
MGYP000963455090,0.9101,139,False,,,,False,,,False
MGYP001438479250,0.8965,203,False,,,,False,,,False
MGYP003468905897,0.9336,165,False,,,,False,,,False
MGYP002136995075,0.9554,207,False,,,,False,,,False
MGYP000087978611,0.793,66,False,,,,False,,,False
MGYP000852632917,0.9831,427,False,,,,False,,,False
MGYP002630190175,0.8782,700,False,,,,False,,,False
MGYP001564512793,0.9057,432,False,,,,False,,,False
MGYP000207704969,0.8944,143,False,,,,False,,,False
MGYP000993092970,0.8603,123,False,,,,False,,,False
MGYP000314630760,0.8017,65,False,,,,False,,,False
MGYP000589694346,0.7087,134,False,,,,False,,,False
MGYP000410592523,0.9669,287,False,,,,False,,,False
MGYP001598806632,0.7454,160,False,,,,False,,,False
MGYP003505388725,0.9147,178,False,,,,False,,,False
MGYP001615768906,0.8334,498,False,,,,False,,,False
MGYP003579444916,0.7896,171,False,,,,False,,,False
MGYP003622943230,0.9813,326,False,,,,False,,,False
MGYP003367156740,0.921,21,False,,,,False,,,False
MGYP001206997798,0.8076,203,False,,,,False,,,False
MGYP001014424090,0.9666,190,False,,,,False,,,False
MGYP000966006710,0.9344,193,False,,,,False,,,False
MGYP001005580477,0.7941,356,False,,,,False,,,False
MGYP000928008689,0.8733,280,False,,,,False,,,False
MGYP000988780927,0.7994,90,False,,,,False,,,False
MGYP001337945742,0.8938,185,False,,,,False,,,False
MGYP003581250457,0.7864,188,False,,,,False,,,False
MGYP001391337438,0.8066,249,False,,,,False,,,False
MGYP000288033436,0.9046,372,False,,,,False,,,False
MGYP003336668274,0.9593,200,False,,,,False,,,False
MGYP003579656988,0.8868,169,False,,,,False,,,False
MGYP000390706081,0.8274,156,False,,,,False,,,False
MGYP004260839577,0.8161,66,False,,,,False,,,False
MGYP001328392531,0.8182,1003,False,,,,False,,,False
MGYP000081987949,0.8673,215,False,,,,False,,,False
MGYP002151418534,0.8553,213,False,,,,False,,,False
MGYP001194440891,0.9615,219,False,,,,False,,,False
MGYP001417494814,0.9348,305,False,,,,False,,,False
MGYP002761951161,0.9207,311,False,,,,False,,,False
MGYP000557741429,0.8343,152,False,,,,False,,,False
MGYP002789051577,0.9201,103,False,,,,False,,,False
MGYP000651487106,0.8369,193,False,,,,False,,,False
MGYP000603345313,0.8814,133,False,,,,False,,,False
MGYP001047131487,0.9043,208,False,,,,False,,,False
MGYP003365507042,0.8478,494,False,,,,False,,,False
MGYP000969795987,0.8796,230,False,,,,False,,,False
MGYP003703752587,0.94,50,False,,,,False,,,False
MGYP000639378770,0.8506,64,False,,,,False,,,False
MGYP001580403588,0.8611,183,False,,,,False,,,False
MGYP000878321501,0.9831,446,False,,,,False,,,False
MGYP003252347103,0.9145,22,False,,,,False,,,False
MGYP002761036249,0.9063,169,False,,,,False,,,False
MGYP001083184563,0.9648,239,False,,,,False,,,False
MGYP001571679566,0.9453,180,False,,,,False,,,False
MGYP003581035967,0.8434,184,False,,,,False,,,False
MGYP003454302138,0.8559,135,False,,,,False,,,False
MGYP003475853353,0.8821,146,False,,,,False,,,False
MGYP000858116783,0.876,220,False,,,,False,,,False
MGYP000924567037,0.9491,507,False,,,,False,,,False
MGYP000120063786,0.9251,324,False,,,,False,,,False
MGYP001397935792,0.9447,257,False,,,,False,,,False
MGYP000689174335,0.8533,87,False,,,,False,,,False
MGYP000987351102,0.9272,50,False,,,,False,,,False
MGYP001324331787,0.9052,23,False,,,,False,,,False
MGYP000259321434,0.84,253,False,,,,False,,,False
MGYP001793334874,0.9128,488,False,,,,False,,,False
MGYP002526300715,0.9584,358,False,,,,False,,,False
MGYP003681927108,0.8054,199,False,,,,False,,,False
MGYP000566089988,0.9345,104,False,,,,False,,,False
MGYP001289934967,0.9689,248,False,,,,False,,,False
MGYP000144384947,0.8483,41,False,,,,False,,,False
MGYP003625837419,0.9229,256,False,,,,False,,,False
MGYP004002172595,0.7907,176,False,,,,False,,,False
MGYP002381054130,0.8547,70,False,,,,False,,,False
MGYP001245245735,0.7893,86,False,,,,False,,,False
MGYP003345547667,0.8666,178,False,,,,False,,,False
MGYP002630851182,0.9218,226,False,,,,False,,,False
MGYP000067771658,0.9849,222,False,,,,False,,,False
MGYP000868098375,0.9794,242,False,,,,False,,,False
MGYP000822433649,0.922,30,False,,,,False,,,False
MGYP003396432460,0.9166,32,False,,,,False,,,False
MGYP003352033114,0.7763,166,False,,,,False,,,False
MGYP003439823347,0.9246,46,False,,,,False,,,False
MGYP002728733761,0.8942,310,False,,,,False,,,False
MGYP001113100350,0.9299,67,False,,,,False,,,False
MGYP001110584736,0.9137,52,False,,,,False,,,False
MGYP001054642203,0.9579,285,False,,,,False,,,False
MGYP003505883730,0.8465,195,False,,,,False,,,False
MGYP002738302576,0.895,123,False,,,,False,,,False
MGYP000365172627,0.9289,757,False,,,,False,,,False
MGYP000742612463,0.8967,24,False,,,,False,,,False
MGYP001466604655,0.8753,223,False,,,,False,,,False
MGYP002035755212,0.7545,119,False,,,,False,,,False
MGYP001942173932,0.9222,164,False,,,,False,,,False
MGYP003577331166,0.9621,194,False,,,,False,,,False
MGYP000060428953,0.8734,136,False,,,,False,,,False
MGYP003610110536,0.7277,469,False,,,,False,,,False
MGYP000784480359,0.8467,159,False,,,,False,,,False
MGYP003450512625,0.8499,102,False,,,,False,,,False
MGYP001127497813,0.9838,290,False,,,,False,,,False
MGYP001954352520,0.8785,173,False,,,,False,,,False
MGYP003300037576,0.7731,87,False,,,,False,,,False
MGYP000717897249,0.9212,182,False,,,,False,,,False
MGYP002522956621,0.9396,248,False,,,,False,,,False
MGYP001607127028,0.8909,168,False,,,,False,,,False
MGYP003346449986,0.8933,274,False,,,,False,,,False
MGYP003470045458,0.9381,48,False,,,,False,,,False
MGYP000977517961,0.9303,350,False,,,,False,,,False
MGYP002598381211,0.8989,333,False,,,,False,,,False
MGYP002725924302,0.8067,157,False,,,,False,,,False
MGYP001946108447,0.9685,336,False,,,,False,,,False
MGYP000916901161,0.878,70,False,,,,False,,,False
MGYP001800042559,0.7777,65,False,,,,False,,,False
MGYP002790878663,0.9164,74,False,,,,False,,,False
MGYP000195900122,0.9242,289,False,,,,False,,,False
MGYP001158762419,0.8723,145,False,,,,False,,,False
MGYP003661012651,0.806,135,False,,,,False,,,False
MGYP003308227630,0.7532,85,False,,,,False,,,False
MGYP000392068182,0.8011,65,False,,,,False,,,False
MGYP003382124648,0.8822,314,False,,,,False,,,False
MGYP000858817476,0.9048,157,False,,,,False,,,False
MGYP001355355051,0.8268,188,False,,,,False,,,False
MGYP001809923781,0.9177,206,False,,,,False,,,False
MGYP000447137124,0.8616,146,False,,,,False,,,False
MGYP003303727422,0.8681,236,False,,,,False,,,False
MGYP001567695322,0.9242,26,False,,,,False,,,False
MGYP001578095667,0.906,115,False,,,,False,,,False
MGYP000485007914,0.885,96,False,,,,False,,,False
MGYP003592326364,0.8388,218,False,,,,False,,,False
MGYP001116311700,0.8433,125,False,,,,False,,,False
MGYP002515736167,0.7536,1078,False,,,,False,,,False
MGYP003145091459,0.7632,684,False,,,,False,,,False
MGYP000619187489,0.9414,185,False,,,,False,,,False
MGYP000290982039,0.8295,195,False,,,,False,,,False
MGYP001821396322,0.8842,191,False,,,,False,,,False
MGYP001409843568,0.8396,196,False,,,,False,,,False
MGYP001551802528,0.8189,209,False,,,,False,,,False
MGYP001160658852,0.8901,257,False,,,,False,,,False
MGYP001558972959,0.9582,199,False,,,,False,,,False
MGYP001156629696,0.8773,84,False,,,,False,,,False
MGYP001244701001,0.844,138,False,,,,False,,,False
MGYP001049052858,0.9141,256,False,,,,False,,,False
MGYP001087249765,0.9194,35,False,,,,False,,,False
MGYP003340645533,0.9454,65,False,,,,False,,,False
MGYP001478328267,0.8191,120,False,,,,False,,,False
MGYP003113747768,0.9325,548,False,,,,False,,,False
MGYP000899023483,0.9509,206,False,,,,False,,,False
MGYP001792828327,0.8696,230,False,,,,False,,,False
MGYP001794131131,0.8806,569,False,,,,False,,,False
MGYP004416836483,0.835,24,False,,,,False,,,False
MGYP000193358866,0.8628,79,False,,,,False,,,False
MGYP003683405531,0.9107,29,False,,,,False,,,False
MGYP001353017816,0.7719,85,False,,,,False,,,False
MGYP000689925871,0.9816,291,False,,,,False,,,False
MGYP001376447175,0.9534,218,False,,,,False,,,False
MGYP003407474920,0.8465,77,False,,,,False,,,False
MGYP001553013746,0.9326,46,False,,,,False,,,False
MGYP000872389731,0.8014,162,False,,,,False,,,False
MGYP001434830188,0.934,415,False,,,,False,,,False
MGYP001126165995,0.7674,148,False,,,,False,,,False
MGYP001593260903,0.8293,135,False,,,,False,,,False
MGYP000562435255,0.9187,330,False,,,,False,,,False
MGYP001253369129,0.801,170,False,,,,False,,,False
MGYP003548656289,0.8052,282,False,,,,False,,,False
MGYP002537111802,0.966,368,False,,,,False,,,False
MGYP001208212163,0.9245,95,False,,,,False,,,False
MGYP003369123730,0.7706,108,False,,,,False,,,False
MGYP003309577953,0.8971,24,False,,,,False,,,False
MGYP003508351256,0.9297,34,False,,,,False,,,False
MGYP003668864902,0.9202,60,False,,,,False,,,False
MGYP001606697156,0.7188,408,False,,,,False,,,False
MGYP003575625017,0.8698,211,False,,,,False,,,False
MGYP001573564838,0.816,97,False,,,,False,,,False
MGYP003413853281,0.9432,170,False,,,,False,,,False
MGYP000474577589,0.8283,127,False,,,,False,,,False
MGYP001560256424,0.9383,335,False,,,,False,,,False
MGYP000156021073,0.8673,127,False,,,,False,,,False
MGYP000595482573,0.8931,172,False,,,,False,,,False
MGYP002633590046,0.9569,262,False,,,,False,,,False
MGYP000910429062,0.8171,68,False,,,,False,,,False
MGYP001811489573,0.9276,182,False,,,,False,,,False
MGYP001575136356,0.9289,73,False,,,,False,,,False
MGYP003510403887,0.8264,322,False,,,,False,,,False
MGYP000436347252,0.8345,162,False,,,,False,,,False
MGYP003548588279,0.9163,57,False,,,,False,,,False
MGYP003495551171,0.848,25,False,,,,False,,,False
MGYP002860779888,0.8766,67,False,,,,False,,,False
MGYP003590237877,0.8595,192,False,,,,False,,,False
MGYP001481286858,0.976,290,False,,,,False,,,False
MGYP000194328252,0.8544,84,False,,,,False,,,False
MGYP000063536279,0.8605,63,False,,,,False,,,False
MGYP002520528526,0.7903,95,False,,,,False,,,False
MGYP003575478742,0.8485,221,False,,,,False,,,False
MGYP000038289077,0.9764,409,False,,,,False,,,False
MGYP000124207173,0.939,167,False,,,,False,,,False
MGYP002261983946,0.8266,67,False,,,,False,,,False
MGYP000028728410,0.9161,69,False,,,,False,,,False
MGYP001276169565,0.8906,124,False,,,,False,,,False
MGYP000936292643,0.9191,56,False,,,,False,,,False
MGYP001140983664,0.9166,420,False,,,,False,,,False
MGYP001182420445,0.9784,351,False,,,,False,,,False
MGYP001416261318,0.9786,222,False,,,,False,,,False
MGYP000877104473,0.9097,314,False,,,,False,,,False
MGYP003303327281,0.914,151,False,,,,False,,,False
MGYP000613184959,0.9149,146,False,,,,False,,,False
MGYP003672715618,0.8959,135,False,,,,False,,,False
MGYP003260186830,0.9393,188,False,,,,False,,,False
MGYP000928380657,0.9116,260,False,,,,False,,,False
MGYP003131985694,0.971,342,False,,,,False,,,False
MGYP000362191255,0.9238,287,False,,,,False,,,False
MGYP000859680102,0.9152,120,False,,,,False,,,False
MGYP001146461046,0.846,20,False,,,,False,,,False
MGYP001554556100,0.9161,205,False,,,,False,,,False
MGYP001488638076,0.861,279,False,,,,False,,,False
MGYP001105590701,0.9,22,False,,,,False,,,False
MGYP002583440530,0.9498,202,False,,,,False,,,False
MGYP004003605887,0.84,72,False,,,,False,,,False
MGYP000196686717,0.9374,271,False,,,,False,,,False
MGYP002413660522,0.8051,199,False,,,,False,,,False
MGYP000016115241,0.7838,141,False,,,,False,,,False
MGYP003365435316,0.9676,267,False,,,,False,,,False
MGYP000194565064,0.956,285,False,,,,False,,,False
MGYP003411998014,0.8568,170,False,,,,False,,,False
MGYP001284740783,0.9222,276,False,,,,False,,,False
MGYP001817831329,0.7082,325,False,,,,False,,,False
MGYP001797814801,0.7946,178,False,,,,False,,,False
MGYP001293912804,0.7412,194,False,,,,False,,,False
MGYP001070829879,0.8541,64,False,,,,False,,,False
MGYP000029219387,0.9099,228,False,,,,False,,,False
MGYP003490608892,0.8838,112,False,,,,False,,,False
MGYP000927480590,0.7862,68,False,,,,False,,,False
MGYP001118594203,0.9288,206,False,,,,False,,,False
MGYP000263874392,0.8994,365,False,,,,False,,,False
MGYP001248635695,0.9737,212,False,,,,False,,,False
MGYP000172074051,0.7975,227,False,,,,False,,,False
MGYP000582865084,0.9116,189,False,,,,False,,,False
MGYP000429007930,0.7823,248,False,,,,False,,,False
MGYP004140843751,0.7497,236,False,,,,False,,,False
MGYP001555245887,0.8014,250,False,,,,False,,,False
MGYP000568316021,0.9037,391,False,,,,False,,,False
MGYP001594984221,0.8338,256,False,,,,False,,,False
MGYP003153296067,0.899,30,False,,,,False,,,False
MGYP003299108001,0.9046,56,False,,,,False,,,False
MGYP003431100222,0.7829,161,False,,,,False,,,False
MGYP003649537040,0.7972,116,False,,,,False,,,False
MGYP001124675103,0.9005,186,False,,,,False,,,False
MGYP000938506327,0.8288,101,False,,,,False,,,False
MGYP001084413465,0.9157,323,False,,,,False,,,False
MGYP003945800375,0.9338,396,False,,,,False,,,False
MGYP000383021990,0.8929,312,False,,,,False,,,False
MGYP000878560703,0.8951,336,False,,,,False,,,False
MGYP000316792690,0.8928,281,False,,,,False,,,False
MGYP000470227409,0.8809,296,False,,,,False,,,False
MGYP003442263487,0.7158,204,False,,,,False,,,False
MGYP000952847415,0.9812,188,False,,,,False,,,False
MGYP000722111862,0.9109,33,False,,,,False,,,False
MGYP003341842378,0.9156,87,False,,,,False,,,False
MGYP001155759395,0.8316,102,False,,,,False,,,False
MGYP003579855040,0.7809,65,False,,,,False,,,False
MGYP003385364041,0.7924,754,False,,,,False,,,False
MGYP000644625448,0.7387,180,False,,,,False,,,False
MGYP001131431303,0.718,246,False,,,,False,,,False
MGYP002725669015,0.8792,351,False,,,,False,,,False
MGYP000994535317,0.8787,67,False,,,,False,,,False
MGYP001769381391,0.9131,131,False,,,,False,,,False
MGYP000529619842,0.9092,40,False,,,,False,,,False
MGYP000567880002,0.8834,94,False,,,,False,,,False
MGYP001579035442,0.9388,57,False,,,,False,,,False
MGYP003441860707,0.8227,169,False,,,,False,,,False
MGYP001600234218,0.932,359,False,,,,False,,,False
MGYP000574252746,0.7964,67,False,,,,False,,,False
MGYP003335716307,0.8625,76,False,,,,False,,,False
MGYP001579776229,0.8664,123,False,,,,False,,,False
MGYP000975368287,0.7773,190,False,,,,False,,,False
MGYP001544756422,0.8639,211,False,,,,False,,,False
MGYP003627410940,0.8629,182,False,,,,False,,,False
MGYP001093620838,0.8937,286,False,,,,False,,,False
MGYP001231993380,0.7106,286,False,,,,False,,,False
MGYP001355051580,0.8466,196,False,,,,False,,,False
MGYP000889868978,0.9109,690,False,,,,False,,,False
MGYP001829063831,0.9789,239,False,,,,False,,,False
MGYP000509387683,0.9084,44,False,,,,False,,,False
MGYP001380110426,0.8985,287,False,,,,False,,,False
MGYP000879435595,0.7344,129,False,,,,False,,,False
MGYP001155449542,0.8005,113,False,,,,False,,,False
MGYP000846236563,0.7983,143,False,,,,False,,,False
MGYP001470469107,0.8822,923,False,,,,False,,,False
MGYP003390542096,0.8074,159,False,,,,False,,,False
MGYP001170225244,0.9124,62,False,,,,False,,,False
MGYP003814051683,0.9137,111,False,,,,False,,,False
MGYP000714949730,0.8876,173,False,,,,False,,,False
MGYP001212021055,0.9587,23,False,,,,False,,,False
MGYP000358362290,0.9162,195,False,,,,False,,,False
MGYP000981955577,0.9171,180,False,,,,False,,,False
MGYP003597055575,0.8913,180,False,,,,False,,,False
MGYP001793862942,0.816,169,False,,,,False,,,False
MGYP003499033256,0.9569,172,False,,,,False,,,False
MGYP003532944753,0.9251,168,False,,,,False,,,False
MGYP000616138119,0.9466,347,False,,,,False,,,False
MGYP003321013314,0.8891,46,False,,,,False,,,False
MGYP000518437909,0.8261,23,False,,,,False,,,False
MGYP000092833858,0.8572,93,False,,,,False,,,False
MGYP001657819736,0.7756,341,False,,,,False,,,False
MGYP001506393570,0.8892,24,False,,,,False,,,False
MGYP001281238137,0.9676,457,False,,,,False,,,False
MGYP002355933145,0.9034,86,False,,,,False,,,False
MGYP001202577627,0.8185,224,False,,,,False,,,False
MGYP001224246656,0.9493,216,False,,,,False,,,False
MGYP001592019326,0.8703,288,False,,,,False,,,False
MGYP002063758686,0.9047,83,False,,,,False,,,False
MGYP001072896269,0.9435,246,False,,,,False,,,False
MGYP001012641656,0.8488,207,False,,,,False,,,False
MGYP002589832966,0.8903,105,False,,,,False,,,False
MGYP000013238999,0.9337,316,False,,,,False,,,False
MGYP003108597357,0.9229,314,False,,,,False,,,False
MGYP003581613250,0.9517,171,False,,,,False,,,False
MGYP001160056306,0.8186,172,False,,,,False,,,False
MGYP000514509159,0.904,181,False,,,,False,,,False
MGYP003365888857,0.9291,22,False,,,,False,,,False
MGYP001177518109,0.8917,233,False,,,,False,,,False
MGYP000835803910,0.8252,87,False,,,,False,,,False
MGYP000394379922,0.8089,130,False,,,,False,,,False
MGYP003569315130,0.8851,101,False,,,,False,,,False
MGYP003301596121,0.7931,83,False,,,,False,,,False
MGYP001401012093,0.9457,173,False,,,,False,,,False
MGYP003633128420,0.8928,633,False,,,,False,,,False
MGYP003386449471,0.8473,248,False,,,,False,,,False
MGYP003383299075,0.8424,261,False,,,,False,,,False
MGYP000397905008,0.8801,336,False,,,,False,,,False
MGYP003399433661,0.855,185,False,,,,False,,,False
MGYP002563199899,0.7652,336,False,,,,False,,,False
MGYP000485028564,0.9518,402,False,,,,False,,,False
MGYP003297717617,0.8914,186,False,,,,False,,,False
MGYP001405814733,0.8187,376,False,,,,False,,,False
MGYP003649191914,0.9468,274,False,,,,False,,,False
MGYP001574762218,0.8838,93,False,,,,False,,,False
MGYP002560534193,0.8711,105,False,,,,False,,,False
MGYP000947676693,0.9659,171,False,,,,False,,,False
MGYP001429545666,0.9102,123,False,,,,False,,,False
MGYP000409519100,0.8576,84,False,,,,False,,,False
MGYP003472123786,0.8782,101,False,,,,False,,,False
MGYP001017119234,0.9221,181,False,,,,False,,,False
MGYP001059010903,0.8364,209,False,,,,False,,,False
MGYP001332160236,0.8698,130,False,,,,False,,,False
MGYP003456475017,0.8403,225,False,,,,False,,,False
MGYP000748537188,0.8817,141,False,,,,False,,,False
MGYP000898297296,0.9066,50,False,,,,False,,,False
MGYP001146089327,0.8969,134,False,,,,False,,,False
MGYP001065653285,0.8455,20,False,,,,False,,,False
MGYP003767899615,0.865,152,False,,,,False,,,False
MGYP001577891467,0.968,316,False,,,,False,,,False
MGYP001329349757,0.8919,203,False,,,,False,,,False
MGYP002782652577,0.8624,142,False,,,,False,,,False
MGYP000380306921,0.91,76,False,,,,False,,,False
MGYP001558062097,0.8593,102,False,,,,False,,,False
MGYP001135321852,0.9326,163,False,,,,False,,,False
MGYP000947970141,0.8987,216,False,,,,False,,,False
MGYP001080709460,0.9133,199,False,,,,False,,,False
MGYP000685690418,0.8767,169,False,,,,False,,,False
MGYP001011514283,0.8864,242,False,,,,False,,,False
MGYP001343856742,0.9114,181,False,,,,False,,,False
MGYP002075951146,0.9095,362,False,,,,False,,,False
MGYP001817857203,0.8006,303,False,,,,False,,,False
MGYP000656219830,0.8126,282,False,,,,False,,,False
MGYP003655571037,0.8147,66,False,,,,False,,,False
MGYP003554294900,0.8136,74,False,,,,False,,,False
MGYP002637765968,0.9352,173,False,,,,False,,,False
MGYP000474667788,0.9077,222,False,,,,False,,,False
MGYP003353911761,0.8453,76,False,,,,False,,,False
MGYP001064114988,0.9496,251,False,,,,False,,,False
MGYP003333572278,0.9266,71,False,,,,False,,,False
MGYP000978123056,0.9169,172,False,,,,False,,,False
MGYP000868630960,0.8263,137,False,,,,False,,,False
MGYP003629255235,0.9578,154,False,,,,False,,,False
MGYP001472132445,0.7771,246,False,,,,False,,,False
MGYP001552011589,0.8451,142,False,,,,False,,,False
MGYP000076337396,0.9397,35,False,,,,False,,,False
MGYP001370431370,0.8358,189,False,,,,False,,,False
MGYP003624414818,0.9845,225,False,,,,False,,,False
MGYP001589386517,0.877,261,False,,,,False,,,False
MGYP000440575475,0.8482,579,False,,,,False,,,False
MGYP001551040033,0.7823,178,False,,,,False,,,False
MGYP001064171663,0.8864,99,False,,,,False,,,False
MGYP001191656699,0.901,154,False,,,,False,,,False
MGYP000128780500,0.8175,67,False,,,,False,,,False
MGYP000344424703,0.7875,114,False,,,,False,,,False
MGYP000066222128,0.9209,302,False,,,,False,,,False
MGYP000013208419,0.8314,80,False,,,,False,,,False
MGYP001351424824,0.9385,338,False,,,,False,,,False
MGYP003300672009,0.8604,137,False,,,,False,,,False
MGYP003608972418,0.7759,146,False,,,,False,,,False
MGYP000455813617,0.8099,74,False,,,,False,,,False
MGYP003565750014,0.955,133,True,32,112,80,False,,,False
MGYP000494658516,0.8517,23,False,,,,False,,,False
MGYP003982367839,0.9735,280,False,,,,False,,,False
MGYP000066448694,0.924,191,False,,,,False,,,False
MGYP000020229570,0.8904,57,False,,,,False,,,False
MGYP000965695512,0.7414,303,False,,,,False,,,False
MGYP000222979476,0.8382,156,False,,,,False,,,False
MGYP002790933436,0.8117,71,False,,,,False,,,False
MGYP000748114021,0.9393,83,False,,,,False,,,False
MGYP000787533753,0.8571,21,False,,,,False,,,False
MGYP000515841617,0.9454,221,False,,,,False,,,False
MGYP001272970454,0.8532,117,False,,,,False,,,False
MGYP003706391741,0.7942,226,False,,,,False,,,False
MGYP001583462958,0.94,491,False,,,,False,,,False
MGYP000963995553,0.7932,121,False,,,,False,,,False
MGYP004384114753,0.8759,182,False,,,,False,,,False
MGYP001247347667,0.9705,366,False,,,,False,,,False
MGYP000254119253,0.846,176,False,,,,False,,,False
MGYP002624168534,0.7751,117,False,,,,False,,,False
MGYP000664676577,0.8813,314,False,,,,False,,,False
MGYP003331406341,0.9049,49,False,,,,False,,,False
MGYP001544927965,0.9556,342,False,,,,False,,,False
MGYP002026117479,0.9173,280,False,,,,False,,,False
MGYP001591255727,0.8775,92,False,,,,False,,,False
MGYP000225385147,0.9529,225,False,,,,False,,,False
MGYP001071062496,0.9082,202,False,,,,False,,,False
MGYP000013261232,0.9167,390,False,,,,False,,,False
MGYP001216172422,0.9305,204,False,,,,False,,,False
MGYP001058122323,0.8517,130,False,,,,False,,,False
MGYP001271242003,0.8052,203,False,,,,False,,,False
MGYP002623946995,0.9159,468,False,,,,False,,,False
MGYP000994510908,0.8865,23,False,,,,False,,,False
MGYP003650972627,0.9043,318,False,,,,False,,,False
MGYP003029861789,0.7901,86,False,,,,False,,,False
MGYP000179746121,0.8508,469,False,,,,False,,,False
MGYP001580350885,0.8765,686,False,,,,False,,,False
MGYP002634548956,0.8086,133,False,,,,False,,,False
MGYP001567954364,0.9125,255,False,,,,False,,,False
MGYP001109306304,0.9352,199,False,,,,False,,,False
MGYP003571411443,0.8208,74,False,,,,False,,,False
MGYP001065215506,0.8646,153,False,,,,False,,,False
MGYP001388065010,0.9194,36,False,,,,False,,,False
MGYP000359273798,0.9273,48,False,,,,False,,,False
MGYP001132205073,0.9444,163,False,,,,False,,,False
MGYP001250436864,0.9227,30,False,,,,False,,,False
MGYP002623889868,0.856,500,False,,,,False,,,False
MGYP001135052526,0.7922,558,False,,,,False,,,False
MGYP001097869532,0.9743,186,False,,,,False,,,False
MGYP000594497615,0.9046,24,False,,,,False,,,False
MGYP001144629138,0.8195,204,False,,,,False,,,False
MGYP001471638152,0.8691,128,False,,,,False,,,False
MGYP001275641599,0.8691,251,False,,,,False,,,False
MGYP001297512493,0.8758,158,False,,,,False,,,False
MGYP000500048280,0.8145,64,False,,,,False,,,False
MGYP000387048319,0.8971,104,False,,,,False,,,False
MGYP003567666799,0.8312,65,False,,,,False,,,False
MGYP001479474203,0.8846,126,False,,,,False,,,False
MGYP001265045143,0.7667,98,False,,,,False,,,False
MGYP001165271101,0.8451,146,False,,,,False,,,False
MGYP000795101810,0.894,82,False,,,,False,,,False
MGYP003954696519,0.9593,162,False,,,,False,,,False
MGYP001606371984,0.8443,105,False,,,,False,,,False
MGYP000974080463,0.9304,192,False,,,,False,,,False
MGYP001217055927,0.927,402,False,,,,False,,,False
MGYP002778676553,0.888,65,False,,,,False,,,False
MGYP001773917673,0.8101,294,False,,,,False,,,False
MGYP001606833321,0.8939,104,False,,,,False,,,False
MGYP000322591922,0.9,42,False,,,,False,,,False
MGYP000982550989,0.8924,111,False,,,,False,,,False
MGYP003084934302,0.8019,97,False,,,,False,,,False
MGYP001229134997,0.8664,22,False,,,,False,,,False
MGYP000639414855,0.9256,205,False,,,,False,,,False
MGYP003349258624,0.8848,23,False,,,,False,,,False
MGYP000527476624,0.9277,210,False,,,,False,,,False
MGYP002763428798,0.9369,180,False,,,,False,,,False
MGYP000782105973,0.7477,82,False,,,,False,,,False
MGYP001124841357,0.8617,235,False,,,,False,,,False
MGYP001099660880,0.82,238,False,,,,False,,,False
MGYP001359992153,0.8563,162,False,,,,False,,,False
MGYP003437190436,0.955,175,False,,,,False,,,False
MGYP000866057673,0.8668,385,False,,,,False,,,False
MGYP001322857591,0.8861,182,False,,,,False,,,False
MGYP001408515640,0.9401,407,False,,,,False,,,False
MGYP001417924909,0.7871,87,False,,,,False,,,False
MGYP001472207599,0.9004,370,False,,,,False,,,False
MGYP002603921721,0.9532,473,False,,,,False,,,False
MGYP002624456898,0.9309,207,False,,,,False,,,False
MGYP001814654124,0.945,60,False,,,,False,,,False
MGYP001265703284,0.9189,179,False,,,,False,,,False
MGYP003580198562,0.8406,83,False,,,,False,,,False
MGYP000567779110,0.8375,185,False,,,,False,,,False
MGYP003460669540,0.9138,130,False,,,,False,,,False
MGYP000942193218,0.9235,566,False,,,,False,,,False
MGYP003622948479,0.9591,532,False,,,,False,,,False
MGYP000605202969,0.9387,272,False,,,,False,,,False
MGYP000355567151,0.9252,86,False,,,,False,,,False
MGYP001378675797,0.9491,326,False,,,,False,,,False
MGYP000866755200,0.9428,290,False,,,,False,,,False
MGYP000285851065,0.8891,232,False,,,,False,,,False
MGYP000688728982,0.974,446,False,,,,False,,,False
MGYP001827508884,0.9195,91,False,,,,False,,,False
MGYP002654154744,0.8578,170,False,,,,False,,,False
MGYP001460191857,0.747,207,False,,,,False,,,False
MGYP000892984309,0.9618,254,False,,,,False,,,False
MGYP001808161941,0.8747,358,False,,,,False,,,False
MGYP002352519762,0.8203,142,False,,,,False,,,False
MGYP001149889533,0.9371,175,False,,,,False,,,False
MGYP001151318514,0.9657,165,False,,,,False,,,False
MGYP000749529897,0.8744,81,False,,,,False,,,False
MGYP000169785705,0.893,156,False,,,,False,,,False
MGYP000594823074,0.9216,166,False,,,,False,,,False
MGYP001602144985,0.9442,337,False,,,,False,,,False
MGYP000805634360,0.777,391,False,,,,False,,,False
MGYP001068746825,0.9571,302,False,,,,False,,,False
MGYP003514190179,0.9429,41,False,,,,False,,,False
MGYP001122719099,0.9174,670,False,,,,False,,,False
MGYP001245390726,0.7753,668,False,,,,False,,,False
MGYP001562246180,0.9058,78,False,,,,False,,,False
MGYP001441870315,0.9563,275,False,,,,False,,,False
MGYP001568273501,0.9695,229,False,,,,False,,,False
MGYP003328745866,0.7833,167,False,,,,False,,,False
MGYP001456794866,0.8725,123,False,,,,False,,,False
MGYP000129766891,0.758,99,False,,,,False,,,False
MGYP000296338071,0.7498,83,False,,,,False,,,False
MGYP001627693678,0.8483,90,False,,,,False,,,False
MGYP003552612405,0.9212,100,False,,,,False,,,False
MGYP001480351367,0.8704,24,False,,,,False,,,False
MGYP000495924815,0.9354,297,False,,,,False,,,False
MGYP000704678927,0.8905,37,False,,,,False,,,False
MGYP003637237335,0.8906,884,False,,,,False,,,False
MGYP003343199005,0.8541,152,False,,,,False,,,False
MGYP001388222143,0.9708,242,False,,,,False,,,False
MGYP002639610289,0.8079,368,False,,,,False,,,False
MGYP001597686343,0.7619,68,False,,,,False,,,False
MGYP001478596038,0.9133,57,False,,,,False,,,False
MGYP001801670108,0.7535,167,False,,,,False,,,False
MGYP001607048395,0.7652,166,False,,,,False,,,False
MGYP001584492993,0.9706,219,False,,,,False,,,False
MGYP003351860951,0.8764,55,False,,,,False,,,False
MGYP000167613519,0.9741,317,False,,,,False,,,False
MGYP002620954646,0.8603,121,False,,,,False,,,False
MGYP001131370820,0.8674,755,False,,,,False,,,False
MGYP001418211238,0.9611,174,False,,,,False,,,False
MGYP000745272457,0.9361,178,False,,,,False,,,False
MGYP003321526263,0.9248,120,False,,,,False,,,False
MGYP001462746062,0.9736,216,False,,,,False,,,False
MGYP003805721639,0.851,90,False,,,,False,,,False
MGYP001590021809,0.9748,182,False,,,,False,,,False
MGYP003303758070,0.9045,174,False,,,,False,,,False
MGYP000300726986,0.8279,226,False,,,,False,,,False
MGYP000043874085,0.909,117,False,,,,False,,,False
MGYP001765231674,0.8925,350,False,,,,False,,,False
MGYP001945217157,0.922,208,False,,,,False,,,False
MGYP003636209485,0.963,217,False,,,,False,,,False
MGYP002996128300,0.9591,172,False,,,,False,,,False
MGYP001457056422,0.912,206,False,,,,False,,,False
MGYP001794014895,0.9163,510,False,,,,False,,,False
MGYP003460332335,0.9293,29,False,,,,False,,,False
MGYP001015015951,0.8235,124,False,,,,False,,,False
MGYP001055286925,0.7561,217,False,,,,False,,,False
MGYP001510739026,0.8537,112,False,,,,False,,,False
MGYP000735701159,0.8579,151,False,,,,False,,,False
MGYP000417388376,0.889,106,False,,,,False,,,False
MGYP000411305642,0.9002,173,False,,,,False,,,False
MGYP003313311419,0.8587,192,False,,,,False,,,False
MGYP000418561915,0.9319,318,False,,,,False,,,False
MGYP002522891226,0.9028,71,False,,,,False,,,False
MGYP000311814011,0.8767,297,False,,,,False,,,False
MGYP000628010208,0.7211,270,False,,,,False,,,False
MGYP002642240519,0.7768,184,False,,,,False,,,False
MGYP001231140069,0.9772,399,False,,,,False,,,False
MGYP000365951683,0.7287,186,False,,,,False,,,False
MGYP001589661556,0.8873,293,False,,,,False,,,False
MGYP001207758022,0.8978,67,False,,,,False,,,False
MGYP000600257854,0.8746,82,False,,,,False,,,False
MGYP003603067627,0.8169,290,False,,,,False,,,False
MGYP003119731255,0.8084,256,False,,,,False,,,False
MGYP001565556274,0.7743,84,False,,,,False,,,False
MGYP001270409164,0.7215,302,False,,,,False,,,False
MGYP001022022497,0.8154,168,False,,,,False,,,False
MGYP001159171348,0.9812,209,False,,,,False,,,False
MGYP000184359478,0.9867,205,False,,,,False,,,False
MGYP001229267848,0.9359,198,False,,,,False,,,False
MGYP000193024756,0.86,935,False,,,,False,,,False
MGYP001182627567,0.853,129,False,,,,False,,,False
MGYP003321492246,0.889,157,False,,,,False,,,False
MGYP003529830868,0.9644,190,False,,,,False,,,False
MGYP002779358069,0.898,83,False,,,,False,,,False
MGYP001819319993,0.9772,250,False,,,,False,,,False
MGYP002874986229,0.796,65,False,,,,False,,,False
MGYP000418546039,0.7914,170,False,,,,False,,,False
MGYP002801014753,0.9331,366,False,,,,False,,,False
MGYP000117208918,0.9424,311,False,,,,False,,,False
MGYP000435649533,0.8489,111,False,,,,False,,,False
MGYP000965580514,0.8591,183,False,,,,False,,,False
MGYP000692116863,0.9267,183,False,,,,False,,,False
MGYP001443614580,0.9433,75,False,,,,False,,,False
MGYP000447434008,0.7635,260,False,,,,False,,,False
MGYP001091117707,0.9364,215,False,,,,False,,,False
MGYP000445175126,0.7864,121,False,,,,False,,,False
MGYP000648377230,0.9283,215,False,,,,False,,,False
MGYP003394049999,0.8127,107,False,,,,False,,,False
MGYP002640547928,0.8053,204,False,,,,False,,,False
MGYP003954834083,0.7782,114,False,,,,False,,,False
MGYP001508359894,0.843,23,False,,,,False,,,False
MGYP000507007859,0.905,324,False,,,,False,,,False
MGYP003149372861,0.7058,74,False,,,,False,,,False
MGYP000284539715,0.9005,170,False,,,,False,,,False
MGYP001595414290,0.9343,200,False,,,,False,,,False
MGYP003727240281,0.9197,38,False,,,,False,,,False
MGYP000861749858,0.8991,267,False,,,,False,,,False
MGYP003328235619,0.9479,296,False,,,,False,,,False
MGYP000305274984,0.9325,232,False,,,,False,,,False
MGYP000607362112,0.8959,134,False,,,,False,,,False
MGYP000416039698,0.7869,267,False,,,,False,,,False
MGYP001812182002,0.9482,156,False,,,,False,,,False
MGYP000264885687,0.8813,166,False,,,,False,,,False
MGYP003536284233,0.8165,251,False,,,,False,,,False
MGYP003997017821,0.908,218,False,,,,False,,,False
MGYP002640966003,0.8698,302,False,,,,False,,,False
MGYP003645228229,0.7813,122,False,,,,False,,,False
MGYP004315634085,0.8519,21,False,,,,False,,,False
MGYP003334574508,0.8491,85,False,,,,False,,,False
MGYP000411489834,0.8589,201,False,,,,False,,,False
MGYP001459884344,0.8111,128,False,,,,False,,,False
MGYP000725251948,0.8398,186,False,,,,False,,,False
MGYP001075460476,0.77,245,False,,,,False,,,False
MGYP001452356463,0.9541,185,False,,,,False,,,False
MGYP003150101818,0.7672,213,False,,,,False,,,False
MGYP000263874229,0.8408,77,False,,,,False,,,False
MGYP001794808808,0.9009,251,False,,,,False,,,False
MGYP001610168531,0.8543,60,False,,,,False,,,False
MGYP001079305090,0.8757,30,False,,,,False,,,False
MGYP000962029133,0.8247,219,False,,,,False,,,False
MGYP001333703049,0.9543,401,False,,,,False,,,False
MGYP003572295491,0.7982,135,False,,,,False,,,False
MGYP001819797284,0.8092,239,False,,,,False,,,False
MGYP003343256734,0.9036,99,False,,,,False,,,False
MGYP001484627823,0.959,50,False,,,,False,,,False
MGYP003692212063,0.9103,35,False,,,,False,,,False
MGYP003578506847,0.8661,181,False,,,,False,,,False
MGYP000867946373,0.9271,210,False,,,,False,,,False
MGYP003394820915,0.9209,308,False,,,,False,,,False
MGYP002713140127,0.9473,121,False,,,,False,,,False
MGYP003461171962,0.9305,202,False,,,,False,,,False
MGYP001608636635,0.8793,185,False,,,,False,,,False
MGYP001334644333,0.8741,32,False,,,,False,,,False
MGYP000653758341,0.8966,170,False,,,,False,,,False
MGYP001317185551,0.8605,37,False,,,,False,,,False
MGYP000470321208,0.9298,184,False,,,,False,,,False
MGYP000218042163,0.8002,92,False,,,,False,,,False
MGYP003579691677,0.9205,119,False,,,,False,,,False
MGYP000524731163,0.9777,331,False,,,,False,,,False
MGYP000886951786,0.9352,261,False,,,,False,,,False
MGYP003625994318,0.8659,235,False,,,,False,,,False
MGYP001081386164,0.8768,548,False,,,,False,,,False
MGYP000997826621,0.9204,76,False,,,,False,,,False
MGYP001941529280,0.8962,257,False,,,,False,,,False
MGYP001615010191,0.9305,116,False,,,,False,,,False
MGYP000254399433,0.8963,27,False,,,,False,,,False
MGYP000933095427,0.9793,228,False,,,,False,,,False
MGYP003433967808,0.9135,752,False,,,,False,,,False
MGYP000629452279,0.9257,215,False,,,,False,,,False
MGYP001802990867,0.8876,138,False,,,,False,,,False
MGYP002655192168,0.9503,196,False,,,,False,,,False
MGYP003298320758,0.7797,192,False,,,,False,,,False
MGYP000879295957,0.8872,75,False,,,,False,,,False
MGYP000709905172,0.9317,521,False,,,,False,,,False
MGYP003957200859,0.849,297,False,,,,False,,,False
MGYP001220635767,0.8975,209,False,,,,False,,,False
MGYP001431495364,0.8868,22,False,,,,False,,,False
MGYP001812283029,0.9565,185,False,,,,False,,,False
MGYP000155430226,0.8919,187,False,,,,False,,,False
MGYP000707241743,0.9585,252,False,,,,False,,,False
MGYP001618260955,0.8774,182,False,,,,False,,,False
MGYP003338430159,0.9401,201,False,,,,False,,,False
MGYP000320645633,0.8859,29,False,,,,False,,,False
MGYP001177060145,0.8553,328,False,,,,False,,,False
MGYP001130940340,0.8919,488,False,,,,False,,,False
MGYP000579285447,0.9751,223,False,,,,False,,,False
MGYP001114640664,0.9024,21,False,,,,False,,,False
MGYP001472135617,0.9145,135,False,,,,False,,,False
MGYP000900512884,0.9041,22,False,,,,False,,,False
MGYP003606407471,0.9622,189,False,,,,False,,,False
MGYP001149257936,0.9789,291,False,,,,False,,,False
MGYP003552438001,0.8427,180,False,,,,False,,,False
MGYP003304512565,0.815,113,False,,,,False,,,False
MGYP001289418089,0.8021,320,False,,,,False,,,False
MGYP001166140246,0.7857,237,False,,,,False,,,False
MGYP000907094482,0.8579,349,False,,,,False,,,False
MGYP000972546439,0.8524,396,False,,,,False,,,False
MGYP000030788119,0.8062,81,False,,,,False,,,False
MGYP003619928922,0.9202,241,False,,,,False,,,False
MGYP000715208461,0.9105,21,False,,,,False,,,False
MGYP000674190681,0.9316,186,False,,,,False,,,False
MGYP000851724545,0.8221,100,False,,,,False,,,False
MGYP003228293260,0.8938,247,False,,,,False,,,False
MGYP001597259650,0.758,172,False,,,,False,,,False
MGYP000960687001,0.7798,243,False,,,,False,,,False
MGYP001639173892,0.9452,129,False,,,,False,,,False
MGYP003292422422,0.9263,270,False,,,,False,,,False
MGYP000730130000,0.8289,71,False,,,,False,,,False
MGYP003351845135,0.7152,91,False,,,,False,,,False
MGYP001104661809,0.9402,321,False,,,,False,,,False
MGYP003693253853,0.9047,30,False,,,,False,,,False
MGYP001555054451,0.9134,82,False,,,,False,,,False
MGYP001416599500,0.7118,177,False,,,,False,,,False
MGYP000544353358,0.8959,519,False,,,,False,,,False
MGYP001325956973,0.9369,90,False,,,,False,,,False
MGYP001638817887,0.9583,176,False,,,,False,,,False
MGYP000954956898,0.8674,484,False,,,,False,,,False
MGYP000636786801,0.9793,193,False,,,,False,,,False
MGYP000134303232,0.7718,237,False,,,,False,,,False
MGYP001752407907,0.9024,33,False,,,,False,,,False
MGYP000473907502,0.9633,247,False,,,,False,,,False
MGYP004296970551,0.829,21,False,,,,False,,,False
MGYP002636321686,0.8455,190,False,,,,False,,,False
MGYP000082204047,0.9157,189,False,,,,False,,,False
MGYP003998188749,0.9139,260,False,,,,False,,,False
MGYP001791829279,0.8336,75,False,,,,False,,,False
MGYP001604454339,0.9288,239,False,,,,False,,,False
MGYP001458667839,0.8376,215,False,,,,False,,,False
MGYP002069392387,0.7793,67,False,,,,False,,,False
MGYP001489742455,0.8096,135,False,,,,False,,,False
MGYP002534167980,0.943,237,False,,,,False,,,False
MGYP000978808018,0.7846,195,False,,,,False,,,False
MGYP000291182386,0.8663,27,False,,,,False,,,False
MGYP003487656470,0.8485,27,False,,,,False,,,False
MGYP001773532445,0.7873,457,False,,,,False,,,False
MGYP001608255470,0.8481,203,False,,,,False,,,False
MGYP002636097644,0.9818,282,False,,,,False,,,False
MGYP000691377534,0.8622,221,False,,,,False,,,False
MGYP001497531657,0.8129,293,False,,,,False,,,False
MGYP000031482315,0.8618,71,False,,,,False,,,False
MGYP001594395835,0.9782,158,False,,,,False,,,False
MGYP002630706323,0.9235,69,False,,,,False,,,False
MGYP003348065844,0.9197,32,False,,,,False,,,False
MGYP001575744199,0.7945,125,False,,,,False,,,False
MGYP000430468975,0.8642,176,False,,,,False,,,False
MGYP001793380069,0.8482,246,False,,,,False,,,False
MGYP000879550106,0.8305,92,False,,,,False,,,False
MGYP000293350537,0.944,186,False,,,,False,,,False
MGYP002790112339,0.9475,93,False,,,,False,,,False
MGYP001285299128,0.9499,165,False,,,,False,,,False
MGYP003507037392,0.9293,83,False,,,,False,,,False
MGYP003406615689,0.9156,205,False,,,,False,,,False
MGYP001614488820,0.899,173,False,,,,False,,,False
MGYP000639627651,0.9245,299,False,,,,False,,,False
MGYP001601446247,0.8694,109,False,,,,False,,,False
MGYP002623217050,0.9162,491,False,,,,False,,,False
MGYP001568164898,0.7985,67,False,,,,False,,,False
MGYP001029751052,0.8644,113,False,,,,False,,,False
MGYP000173503978,0.9663,461,False,,,,False,,,False
MGYP000873960910,0.8616,25,False,,,,False,,,False
MGYP001396822057,0.903,167,False,,,,False,,,False
MGYP000426205454,0.873,66,False,,,,False,,,False
MGYP000441967800,0.8371,197,False,,,,False,,,False
MGYP000834634449,0.8457,83,False,,,,False,,,False
MGYP000956241487,0.8341,93,False,,,,False,,,False
MGYP000005419390,0.9336,236,False,,,,False,,,False
MGYP000370043397,0.7804,113,False,,,,False,,,False
MGYP003571469773,0.8816,25,False,,,,False,,,False
MGYP001588574670,0.8308,90,False,,,,False,,,False
MGYP003311975646,0.904,117,False,,,,False,,,False
MGYP001575505603,0.8748,198,False,,,,False,,,False
MGYP001556066923,0.7811,97,False,,,,False,,,False
MGYP000669294396,0.8718,119,False,,,,False,,,False
MGYP001096582309,0.8308,26,False,,,,False,,,False
MGYP001227870811,0.7524,137,True,33,15,35,False,,,False
MGYP000882396998,0.9151,391,False,,,,False,,,False
MGYP001153408003,0.9266,380,False,,,,False,,,False
MGYP003691158831,0.8067,135,False,,,,False,,,False
MGYP001810879208,0.891,73,False,,,,False,,,False
MGYP001568432910,0.7323,180,False,,,,False,,,False
MGYP001436446173,0.963,387,False,,,,False,,,False
MGYP000867354589,0.939,582,False,,,,False,,,False
MGYP003956785679,0.916,159,False,,,,False,,,False
MGYP003446351858,0.9548,44,False,,,,False,,,False
MGYP001603408944,0.9152,294,False,,,,False,,,False
MGYP003333924267,0.9481,627,False,,,,False,,,False
MGYP001152321114,0.7973,73,False,,,,False,,,False
MGYP002733635508,0.7795,137,False,,,,False,,,False
MGYP000547684260,0.947,167,False,,,,False,,,False
MGYP002518886378,0.9838,185,False,,,,False,,,False
MGYP000476538835,0.9048,48,False,,,,False,,,False
MGYP002620178368,0.8234,629,False,,,,False,,,False
MGYP001423642299,0.9558,496,False,,,,False,,,False
MGYP003388924132,0.9469,42,False,,,,False,,,False
MGYP001283502223,0.8438,21,False,,,,False,,,False
MGYP000744543420,0.8597,276,False,,,,False,,,False
MGYP003146349499,0.8204,72,False,,,,False,,,False
MGYP000692203580,0.9242,307,False,,,,False,,,False
MGYP001801384083,0.9101,204,False,,,,False,,,False
MGYP000031180974,0.8652,27,False,,,,False,,,False
MGYP001098358383,0.9459,167,False,,,,False,,,False
MGYP001166052903,0.898,542,False,,,,False,,,False
MGYP003946641185,0.8412,242,False,,,,False,,,False
MGYP001546837202,0.9358,192,False,,,,False,,,False
MGYP002654461285,0.8634,139,False,,,,False,,,False
MGYP001438334336,0.9188,128,False,,,,False,,,False
MGYP003289861151,0.9495,608,False,,,,False,,,False
MGYP001358286921,0.8018,173,False,,,,False,,,False
MGYP001260666624,0.8558,139,False,,,,False,,,False
MGYP000614730733,0.764,790,False,,,,False,,,False
MGYP000963268750,0.8373,122,False,,,,False,,,False
MGYP000542483172,0.896,185,False,,,,False,,,False
MGYP002781275575,0.815,114,False,,,,False,,,False
MGYP000742236559,0.912,199,False,,,,False,,,False
MGYP000167735417,0.9406,269,False,,,,False,,,False
MGYP000365482130,0.8982,193,False,,,,False,,,False
MGYP001171851552,0.879,351,False,,,,False,,,False
MGYP001247660296,0.7183,101,False,,,,False,,,False
MGYP000742400985,0.9093,436,False,,,,False,,,False
MGYP000529937900,0.8447,133,False,,,,False,,,False
MGYP002173335214,0.9007,88,False,,,,False,,,False
MGYP001112601603,0.9235,390,False,,,,False,,,False
MGYP000004291918,0.9086,409,False,,,,False,,,False
MGYP001065096200,0.84,240,False,,,,False,,,False
MGYP001256216073,0.7612,207,False,,,,False,,,False
MGYP001569757718,0.8949,150,False,,,,False,,,False
MGYP003111013961,0.9629,316,False,,,,False,,,False
MGYP000675180069,0.9609,384,False,,,,False,,,False
MGYP003464284267,0.9161,23,False,,,,False,,,False
MGYP001261532744,0.7366,97,False,,,,False,,,False
MGYP001484550596,0.8851,612,False,,,,False,,,False
MGYP001491724766,0.9709,245,False,,,,False,,,False
MGYP003135553821,0.8989,471,False,,,,False,,,False
MGYP001144075509,0.9467,181,False,,,,False,,,False
MGYP001180655519,0.9013,163,False,,,,False,,,False
MGYP001049410397,0.8986,118,False,,,,False,,,False
MGYP000991841044,0.7649,177,False,,,,False,,,False
MGYP003576209075,0.8645,122,False,,,,False,,,False
MGYP001619173179,0.8364,233,False,,,,False,,,False
MGYP003662230158,0.7913,144,False,,,,False,,,False
MGYP003504937641,0.7944,66,False,,,,False,,,False
MGYP002785373675,0.7898,90,False,,,,False,,,False
MGYP000553175691,0.8706,226,False,,,,False,,,False
MGYP001104897536,0.8718,175,False,,,,False,,,False
MGYP003495035237,0.8544,231,False,,,,False,,,False
MGYP001100925139,0.8076,66,False,,,,False,,,False
MGYP001103358979,0.9338,106,False,,,,False,,,False
MGYP000636109307,0.9284,77,False,,,,False,,,False
MGYP001019904904,0.7479,149,False,,,,False,,,False
MGYP000845357695,0.8902,112,False,,,,False,,,False
MGYP001562157222,0.9718,215,False,,,,False,,,False
MGYP001119850774,0.8624,89,False,,,,False,,,False
MGYP000650371135,0.7882,104,False,,,,False,,,False
MGYP001233747429,0.9332,34,False,,,,False,,,False
MGYP002633297084,0.9199,346,False,,,,False,,,False
MGYP003633540191,0.9523,163,False,,,,False,,,False
MGYP000326043990,0.9082,66,False,,,,False,,,False
MGYP000072963225,0.7552,223,False,,,,False,,,False
MGYP000997474376,0.7753,132,False,,,,False,,,False
MGYP004283669041,0.9114,28,False,,,,False,,,False
MGYP001409000066,0.8773,200,False,,,,False,,,False
MGYP001111773034,0.94,307,False,,,,False,,,False
MGYP001041346859,0.8585,365,False,,,,False,,,False
MGYP001363864777,0.9676,197,False,,,,False,,,False
MGYP000305519819,0.9302,95,False,,,,False,,,False
MGYP002654775030,0.9294,107,False,,,,False,,,False
MGYP001462945038,0.8364,396,False,,,,False,,,False
MGYP000473586819,0.8988,452,False,,,,False,,,False
MGYP001254662133,0.9394,191,False,,,,False,,,False
MGYP003461540908,0.849,21,False,,,,False,,,False
MGYP003384277255,0.7599,382,False,,,,False,,,False
MGYP000029410649,0.811,77,False,,,,False,,,False
MGYP001589904365,0.8962,237,False,,,,False,,,False
MGYP000454289798,0.9755,307,False,,,,False,,,False
MGYP001564111145,0.8396,632,False,,,,False,,,False
MGYP001594866837,0.9368,171,False,,,,False,,,False
MGYP001001937822,0.8993,386,False,,,,False,,,False
MGYP000454668248,0.9285,20,False,,,,False,,,False
MGYP000677897445,0.858,158,False,,,,False,,,False
MGYP001138679035,0.9694,288,False,,,,False,,,False
MGYP001128851347,0.9665,239,False,,,,False,,,False
MGYP001423285404,0.856,101,False,,,,False,,,False
MGYP002785251032,0.8412,190,False,,,,False,,,False
MGYP001430558202,0.8632,185,False,,,,False,,,False
MGYP001379687101,0.7774,86,False,,,,False,,,False
MGYP000858710339,0.8427,436,False,,,,False,,,False
MGYP003814761595,0.8118,94,False,,,,False,,,False
MGYP003151898302,0.831,71,False,,,,False,,,False
MGYP003118664336,0.9136,25,False,,,,False,,,False
MGYP000276359194,0.8775,120,False,,,,False,,,False
MGYP001322205596,0.8852,461,False,,,,False,,,False
MGYP000078659971,0.8288,183,False,,,,False,,,False
MGYP000465018366,0.7475,105,False,,,,False,,,False
MGYP003976207857,0.7797,312,False,,,,False,,,False
MGYP002784285146,0.9043,173,False,,,,False,,,False
MGYP001545192758,0.8491,288,False,,,,False,,,False
MGYP000228724532,0.8642,254,False,,,,False,,,False
MGYP001464135692,0.9061,49,False,,,,False,,,False
MGYP003627017381,0.9242,130,False,,,,False,,,False
MGYP001236686742,0.8775,306,False,,,,False,,,False
MGYP000164391219,0.9418,500,False,,,,False,,,False
MGYP002685517508,0.8066,100,False,,,,False,,,False
MGYP001607691120,0.8586,105,False,,,,False,,,False
MGYP003566258729,0.8766,332,False,,,,False,,,False
MGYP000875325742,0.9612,219,False,,,,False,,,False
MGYP001398248929,0.8689,141,False,,,,False,,,False
MGYP001502379344,0.9364,173,False,,,,False,,,False
MGYP003502846884,0.8664,173,False,,,,False,,,False
MGYP001064191430,0.906,254,False,,,,False,,,False
MGYP001054062534,0.9373,245,False,,,,False,,,False
MGYP001358429683,0.9394,580,False,,,,False,,,False
MGYP001274358408,0.8927,319,False,,,,False,,,False
MGYP000885095183,0.8095,550,False,,,,False,,,False
MGYP003611518203,0.9063,38,False,,,,False,,,False
MGYP003104026871,0.9131,26,False,,,,False,,,False
MGYP002522527994,0.9069,90,False,,,,False,,,False
MGYP001386906146,0.8547,191,False,,,,False,,,False
MGYP003319408409,0.7964,115,False,,,,False,,,False
MGYP000005819952,0.8851,134,False,,,,False,,,False
MGYP002790526896,0.8419,81,False,,,,False,,,False
MGYP003154163828,0.8925,178,False,,,,False,,,False
MGYP001791120428,0.855,38,False,,,,False,,,False
MGYP000420804426,0.7285,140,False,,,,False,,,False
MGYP003623737847,0.9407,218,False,,,,False,,,False
MGYP004007105655,0.8356,211,False,,,,False,,,False
MGYP001811907166,0.9604,412,False,,,,False,,,False
MGYP000418134182,0.9362,230,False,,,,False,,,False
MGYP001259240968,0.9124,119,False,,,,False,,,False
MGYP003676501546,0.8399,71,False,,,,False,,,False
MGYP001765759587,0.9423,402,False,,,,False,,,False
MGYP000260195180,0.9634,347,False,,,,False,,,False
MGYP001194698211,0.8908,37,False,,,,False,,,False
MGYP001826322367,0.7774,496,False,,,,False,,,False
MGYP001327143281,0.8573,55,False,,,,False,,,False
MGYP002635025775,0.7599,320,False,,,,False,,,False
MGYP001202521633,0.9314,184,False,,,,False,,,False
MGYP001079552141,0.7384,427,False,,,,False,,,False
MGYP003396196214,0.9372,169,False,,,,False,,,False
MGYP002786852216,0.8933,69,False,,,,False,,,False
MGYP000897346857,0.8374,151,False,,,,False,,,False
MGYP001656442178,0.8025,256,False,,,,False,,,False
MGYP001793825740,0.8754,450,False,,,,False,,,False
MGYP000073304552,0.873,173,False,,,,False,,,False
MGYP003494563589,0.9048,25,False,,,,False,,,False
MGYP001067941060,0.9171,466,False,,,,False,,,False
MGYP000976244170,0.9747,385,False,,,,False,,,False
MGYP003396129266,0.8548,71,False,,,,False,,,False
MGYP001139636317,0.8251,185,False,,,,False,,,False
MGYP001242729925,0.8216,133,False,,,,False,,,False
MGYP001134697282,0.8508,258,False,,,,False,,,False
MGYP000518688257,0.9557,298,False,,,,False,,,False
MGYP001342059335,0.9666,236,False,,,,False,,,False
MGYP003580414313,0.8967,180,False,,,,False,,,False
MGYP001308869161,0.8098,156,False,,,,False,,,False
MGYP000465443934,0.8758,166,False,,,,False,,,False
MGYP001099974958,0.9718,301,False,,,,False,,,False
MGYP001434305800,0.8887,206,False,,,,False,,,False
MGYP000931091532,0.9,364,False,,,,False,,,False
MGYP000529409641,0.9556,324,False,,,,False,,,False
MGYP003443546433,0.8338,58,False,,,,False,,,False
MGYP001224903240,0.7376,123,False,,,,False,,,False
MGYP000753996649,0.9215,593,False,,,,False,,,False
MGYP000166586286,0.9603,230,False,,,,False,,,False
MGYP000165099440,0.7923,88,False,,,,False,,,False
MGYP003575961093,0.9574,66,False,,,,False,,,False
MGYP000865155596,0.8243,136,False,,,,False,,,False
MGYP001420679425,0.8994,32,False,,,,False,,,False
MGYP001362402466,0.8423,222,False,,,,False,,,False
MGYP002779712965,0.9325,72,False,,,,False,,,False
MGYP000412779918,0.8314,175,False,,,,False,,,False
MGYP001617946173,0.9674,233,False,,,,False,,,False
MGYP001823740544,0.8045,187,False,,,,False,,,False
MGYP002789282348,0.9125,341,False,,,,False,,,False
MGYP001773720668,0.9425,44,False,,,,False,,,False
MGYP000846758611,0.9868,241,False,,,,False,,,False
MGYP000445092366,0.8125,130,False,,,,False,,,False
MGYP000140658832,0.9521,399,False,,,,False,,,False
MGYP001406585993,0.9122,148,False,,,,False,,,False
MGYP001600449090,0.9126,23,False,,,,False,,,False
MGYP001280661423,0.9033,121,False,,,,False,,,False
MGYP001396303752,0.8748,554,False,,,,False,,,False
MGYP000682782036,0.8709,93,False,,,,False,,,False
MGYP000403012087,0.7898,106,False,,,,False,,,False
MGYP000252638077,0.9301,70,False,,,,False,,,False
MGYP001187427774,0.8814,91,False,,,,False,,,False
MGYP001769236351,0.9287,75,False,,,,False,,,False
MGYP003566239977,0.932,249,False,,,,False,,,False
MGYP001402457453,0.926,103,False,,,,False,,,False
MGYP002078219098,0.7101,91,False,,,,False,,,False
MGYP001145876480,0.8583,23,False,,,,False,,,False
MGYP000008502779,0.8524,21,False,,,,False,,,False
MGYP000073557806,0.7375,530,False,,,,False,,,False
MGYP001821806834,0.9002,64,False,,,,False,,,False
MGYP000889101394,0.8354,185,False,,,,False,,,False
MGYP002525117320,0.9633,281,False,,,,False,,,False
MGYP000182029931,0.8668,306,False,,,,False,,,False
MGYP001207568399,0.8502,52,False,,,,False,,,False
MGYP003579582470,0.8103,160,False,,,,False,,,False
MGYP003563982514,0.9026,92,False,,,,False,,,False
MGYP000972526316,0.7349,207,False,,,,False,,,False
MGYP001172957492,0.8574,204,False,,,,False,,,False
MGYP000579418063,0.9616,69,False,,,,False,,,False
MGYP001180775716,0.9256,242,False,,,,False,,,False
MGYP000300023381,0.7937,88,False,,,,False,,,False
MGYP001214750453,0.8357,173,False,,,,False,,,False
MGYP002041583670,0.8327,138,False,,,,False,,,False
MGYP003296712251,0.9778,245,False,,,,False,,,False
MGYP001392374339,0.7706,373,False,,,,False,,,False
MGYP000301309447,0.8434,50,False,,,,False,,,False
MGYP003414985381,0.898,20,False,,,,False,,,False
MGYP003595335744,0.8073,188,False,,,,False,,,False
MGYP003566934479,0.8495,167,False,,,,False,,,False
MGYP001039422005,0.7234,267,False,,,,False,,,False
MGYP001254786408,0.796,185,False,,,,False,,,False
MGYP000728307640,0.7804,113,False,,,,False,,,False
MGYP000281860207,0.8423,145,False,,,,False,,,False
MGYP000997871135,0.792,123,False,,,,False,,,False
MGYP002379821488,0.8749,107,False,,,,False,,,False
MGYP001626296336,0.8887,100,False,,,,False,,,False
MGYP000975229392,0.8924,112,False,,,,False,,,False
MGYP003341368760,0.8995,39,False,,,,False,,,False
MGYP002639314234,0.8734,420,False,,,,False,,,False
MGYP001191794199,0.8739,76,False,,,,False,,,False
MGYP001318593352,0.8487,229,False,,,,False,,,False
MGYP000626571152,0.8218,181,False,,,,False,,,False
MGYP003464128268,0.8713,32,False,,,,False,,,False
MGYP003401307170,0.8814,168,False,,,,False,,,False
MGYP001162594533,0.8849,186,False,,,,False,,,False
MGYP000957642826,0.8171,100,False,,,,False,,,False
MGYP000636941195,0.9161,128,False,,,,False,,,False
MGYP000947950071,0.9194,522,False,,,,False,,,False
MGYP003603451214,0.9717,418,False,,,,False,,,False
MGYP002735148439,0.9099,211,False,,,,False,,,False
MGYP003500368479,0.8389,250,False,,,,False,,,False
MGYP000084350936,0.7201,233,False,,,,False,,,False
MGYP003410949285,0.9162,26,False,,,,False,,,False
MGYP000215095988,0.8459,144,False,,,,False,,,False
MGYP001487196655,0.8341,263,False,,,,False,,,False
MGYP001545101613,0.9254,118,False,,,,False,,,False
MGYP003293011420,0.9171,174,False,,,,False,,,False
MGYP003486275131,0.8741,91,False,,,,False,,,False
MGYP001242148776,0.9814,325,False,,,,False,,,False
MGYP003611911574,0.877,23,False,,,,False,,,False
MGYP001774385436,0.8362,144,False,,,,False,,,False
MGYP000847633085,0.7149,289,False,,,,False,,,False
MGYP000411253099,0.8032,84,False,,,,False,,,False
MGYP001306998253,0.9155,237,False,,,,False,,,False
MGYP001766053265,0.8851,573,False,,,,False,,,False
MGYP001569773201,0.8472,234,False,,,,False,,,False
MGYP001571266306,0.7918,214,False,,,,False,,,False
MGYP001388422505,0.8666,82,False,,,,False,,,False
MGYP000324264296,0.8873,290,False,,,,False,,,False
MGYP001216221243,0.8369,359,False,,,,False,,,False
MGYP001614961672,0.8428,422,False,,,,False,,,False
MGYP003291213709,0.9261,528,False,,,,False,,,False
MGYP001770007850,0.7791,76,False,,,,False,,,False
MGYP001556099640,0.8096,275,False,,,,False,,,False
MGYP001795793127,0.9452,227,False,,,,False,,,False
MGYP001609207857,0.8643,159,False,,,,False,,,False
MGYP001436913216,0.9538,387,False,,,,False,,,False
MGYP001316077647,0.8112,398,False,,,,False,,,False
MGYP003579880341,0.9623,207,False,,,,False,,,False
MGYP001056881042,0.9384,276,False,,,,False,,,False
MGYP001567620262,0.9242,100,False,,,,False,,,False
MGYP001255156090,0.9303,334,False,,,,False,,,False
MGYP001013729480,0.7689,287,False,,,,False,,,False
MGYP001256914392,0.9585,289,False,,,,False,,,False
MGYP000342163692,0.7417,103,False,,,,False,,,False
MGYP001054154035,0.9046,123,False,,,,False,,,False
MGYP000931811652,0.8951,131,False,,,,False,,,False
MGYP000775520703,0.8422,300,False,,,,False,,,False
MGYP001177604136,0.85,265,False,,,,False,,,False
MGYP003376787026,0.8471,198,False,,,,False,,,False
MGYP000479608212,0.9412,164,False,,,,False,,,False
MGYP002682643188,0.9398,204,False,,,,False,,,False
MGYP000191426883,0.9504,189,False,,,,False,,,False
MGYP001017664466,0.768,157,False,,,,False,,,False
MGYP001021625221,0.8288,323,False,,,,False,,,False
MGYP000733407348,0.7592,104,False,,,,False,,,False
MGYP001285633657,0.8433,195,False,,,,False,,,False
MGYP001191755962,0.8759,118,False,,,,False,,,False
MGYP000321104504,0.8567,124,False,,,,False,,,False
MGYP001161586942,0.803,64,False,,,,False,,,False
MGYP000441358657,0.7667,134,False,,,,False,,,False
MGYP001261742617,0.776,101,False,,,,False,,,False
MGYP001551839294,0.8608,87,False,,,,False,,,False
MGYP000335206424,0.944,110,False,,,,False,,,False
MGYP000464740610,0.8689,179,False,,,,False,,,False
MGYP000405659412,0.7119,377,False,,,,False,,,False
MGYP002529917342,0.9132,87,False,,,,False,,,False
MGYP003313503786,0.9224,174,False,,,,False,,,False
MGYP001572054856,0.8149,165,False,,,,False,,,False
MGYP000459216990,0.8875,262,False,,,,False,,,False
MGYP003216245749,0.8596,162,False,,,,False,,,False
MGYP000891435226,0.9585,198,False,,,,False,,,False
MGYP003431669978,0.9072,78,False,,,,False,,,False
MGYP001284768644,0.9352,302,False,,,,False,,,False
MGYP000568638835,0.9028,529,False,,,,False,,,False
MGYP003539065963,0.8282,22,False,,,,False,,,False
MGYP003436060237,0.7585,217,False,,,,False,,,False
MGYP001255264322,0.8519,154,False,,,,False,,,False
MGYP001282605722,0.9017,166,False,,,,False,,,False
MGYP000606125824,0.7912,64,False,,,,False,,,False
MGYP000088287613,0.9741,440,False,,,,False,,,False
MGYP001399891079,0.9403,226,False,,,,False,,,False
MGYP000023324156,0.9836,266,False,,,,False,,,False
MGYP001478998522,0.8857,650,False,,,,False,,,False
MGYP000844813762,0.8521,176,False,,,,False,,,False
MGYP001390827801,0.9396,478,False,,,,False,,,False
MGYP003476009625,0.9168,34,False,,,,False,,,False
MGYP002513968781,0.8911,397,False,,,,False,,,False
MGYP001382705615,0.9248,136,False,,,,False,,,False
MGYP000509665775,0.8095,93,False,,,,False,,,False
MGYP000882354549,0.7506,131,False,,,,False,,,False
MGYP003347932489,0.8115,106,False,,,,False,,,False
MGYP003330141752,0.9078,27,False,,,,False,,,False
MGYP000960456885,0.9171,301,False,,,,False,,,False
MGYP003407748514,0.9424,280,False,,,,False,,,False
MGYP004263922319,0.8192,25,False,,,,False,,,False
MGYP001371996137,0.805,105,False,,,,False,,,False
MGYP000736389217,0.8742,77,False,,,,False,,,False
MGYP003304124580,0.8922,191,False,,,,False,,,False
MGYP001406838284,0.9172,313,False,,,,False,,,False
MGYP003577158577,0.9195,217,False,,,,False,,,False
MGYP001791784020,0.9113,253,False,,,,False,,,False
MGYP002448713735,0.9478,189,False,,,,False,,,False
MGYP003588655315,0.8448,304,False,,,,False,,,False
MGYP000463546799,0.9491,349,False,,,,False,,,False
MGYP000724696185,0.9546,391,False,,,,False,,,False
MGYP000370356507,0.8667,42,False,,,,False,,,False
MGYP000940980907,0.985,483,False,,,,False,,,False
MGYP001443433159,0.9757,310,False,,,,False,,,False
MGYP003291731202,0.9353,247,False,,,,False,,,False
MGYP000155462521,0.9247,34,False,,,,False,,,False
MGYP001351648126,0.8616,69,False,,,,False,,,False
MGYP000329284477,0.9375,125,False,,,,False,,,False
MGYP003637565426,0.8711,322,False,,,,False,,,False
MGYP001026030436,0.8345,206,False,,,,False,,,False
MGYP000410232267,0.8969,86,False,,,,False,,,False
MGYP001548733493,0.7362,95,False,,,,False,,,False
MGYP000922529855,0.9825,290,False,,,,False,,,False
MGYP001576718761,0.8961,158,False,,,,False,,,False
MGYP001303899320,0.8874,293,False,,,,False,,,False
MGYP003623900152,0.9247,199,False,,,,False,,,False
MGYP003462672653,0.8485,446,False,,,,False,,,False
MGYP001546467315,0.9372,221,False,,,,False,,,False
MGYP003967566433,0.9362,289,False,,,,False,,,False
MGYP003982693953,0.8389,27,False,,,,False,,,False
MGYP001340325614,0.9146,123,False,,,,False,,,False
MGYP001609992915,0.9049,70,False,,,,False,,,False
MGYP002881483377,0.702,328,False,,,,False,,,False
MGYP000948785523,0.9066,71,False,,,,False,,,False
MGYP000898413425,0.7854,125,False,,,,False,,,False
MGYP003402482496,0.9805,237,False,,,,False,,,False
MGYP001803043235,0.9521,189,False,,,,False,,,False
MGYP001567037662,0.9264,76,False,,,,False,,,False
MGYP002757925580,0.7941,64,False,,,,False,,,False
MGYP001182956371,0.966,367,False,,,,False,,,False
MGYP004415456045,0.9564,22,False,,,,False,,,False
MGYP002523142803,0.8338,91,False,,,,False,,,False
MGYP001759975598,0.7529,203,False,,,,False,,,False
MGYP003414856054,0.783,196,False,,,,False,,,False
MGYP001142853838,0.8873,45,False,,,,False,,,False
MGYP003651785774,0.835,276,False,,,,False,,,False
MGYP000951402601,0.8982,60,False,,,,False,,,False
MGYP001277082437,0.9734,166,False,,,,False,,,False
MGYP001573477564,0.8813,91,False,,,,False,,,False
MGYP001389597848,0.984,378,False,,,,False,,,False
MGYP001827799392,0.9243,212,False,,,,False,,,False
MGYP000539474998,0.9268,28,False,,,,False,,,False
MGYP003627917501,0.8774,125,False,,,,False,,,False
MGYP003497723470,0.8805,80,False,,,,False,,,False
MGYP001586850402,0.9543,253,False,,,,False,,,False
MGYP000526303128,0.8508,110,False,,,,False,,,False
MGYP001828415987,0.8631,559,False,,,,False,,,False
MGYP001079561267,0.8957,106,False,,,,False,,,False
MGYP003393973450,0.8679,28,False,,,,False,,,False
MGYP000154674908,0.9215,135,False,,,,False,,,False
MGYP003497539684,0.7216,136,False,,,,False,,,False
MGYP001066396404,0.8166,336,False,,,,False,,,False
MGYP003640884858,0.9428,186,False,,,,False,,,False
MGYP000906881224,0.9095,37,False,,,,False,,,False
MGYP001773216657,0.9453,372,False,,,,False,,,False
MGYP000157627342,0.8637,216,False,,,,False,,,False
MGYP002823836911,0.934,193,False,,,,False,,,False
MGYP002635275770,0.8967,176,False,,,,False,,,False
MGYP001475719192,0.9877,222,False,,,,False,,,False
MGYP001371847925,0.9685,305,False,,,,False,,,False
MGYP000417222712,0.9462,231,False,,,,False,,,False
MGYP001449770992,0.7968,219,False,,,,False,,,False
MGYP001769521228,0.8337,146,False,,,,False,,,False
MGYP000515276668,0.8623,245,False,,,,False,,,False
MGYP000277018864,0.9427,279,False,,,,False,,,False
MGYP000141208835,0.9014,28,False,,,,False,,,False
MGYP001818143999,0.8023,247,False,,,,False,,,False
MGYP000308147179,0.8135,144,False,,,,False,,,False
MGYP003579737549,0.8533,111,False,,,,False,,,False
MGYP003527823249,0.9663,206,False,,,,False,,,False
MGYP001145576755,0.8126,195,False,,,,False,,,False
MGYP000243265491,0.898,223,False,,,,False,,,False
MGYP003199606058,0.8651,105,False,,,,False,,,False
MGYP001486520681,0.9317,70,False,,,,False,,,False
MGYP003779214465,0.9407,196,False,,,,False,,,False
MGYP003294268875,0.9594,309,False,,,,False,,,False
MGYP000152940829,0.9096,28,False,,,,False,,,False
MGYP000316172052,0.9756,300,False,,,,False,,,False
MGYP001119271678,0.8515,753,False,,,,False,,,False
MGYP002792414908,0.9649,286,False,,,,False,,,False
MGYP000978122845,0.8336,83,False,,,,False,,,False
MGYP000755207876,0.8402,43,False,,,,False,,,False
MGYP003297104944,0.8805,20,False,,,,False,,,False
MGYP000902065369,0.8903,476,False,,,,False,,,False
MGYP000252108395,0.8714,196,False,,,,False,,,False
MGYP003383716893,0.8968,211,False,,,,False,,,False
MGYP000014420392,0.9041,281,False,,,,False,,,False
MGYP000042697320,0.9167,394,False,,,,False,,,False
MGYP003362028751,0.7576,375,False,,,,False,,,False
MGYP002515114229,0.8942,124,False,,,,False,,,False
MGYP001372751534,0.9588,258,False,,,,False,,,False
MGYP000302888528,0.8997,318,False,,,,False,,,False
MGYP001240498436,0.8412,50,False,,,,False,,,False
MGYP000764862729,0.8672,25,False,,,,False,,,False
MGYP000450777841,0.8407,192,False,,,,False,,,False
MGYP000920362618,0.9336,239,False,,,,False,,,False
MGYP000741822902,0.8318,267,False,,,,False,,,False
MGYP001582865803,0.7748,373,False,,,,False,,,False
MGYP001764782713,0.8822,220,False,,,,False,,,False
MGYP001030621143,0.9468,514,False,,,,False,,,False
MGYP003612675445,0.9097,232,False,,,,False,,,False
MGYP001797134778,0.8329,381,False,,,,False,,,False
MGYP002636258698,0.8807,269,False,,,,False,,,False
MGYP000541174632,0.89,80,False,,,,False,,,False
MGYP000332889392,0.7805,161,False,,,,False,,,False
MGYP001765380609,0.8605,73,False,,,,False,,,False
MGYP001010022309,0.7941,258,False,,,,False,,,False
MGYP000983800833,0.7407,245,False,,,,False,,,False
MGYP000364290419,0.8881,784,False,,,,False,,,False
MGYP000532779586,0.9829,244,False,,,,False,,,False
MGYP000930033384,0.9008,267,False,,,,False,,,False
MGYP001982187826,0.7425,514,False,,,,False,,,False
MGYP000135557506,0.9353,179,False,,,,False,,,False
MGYP000453308689,0.9731,350,False,,,,False,,,False
MGYP001604114212,0.7492,371,False,,,,False,,,False
MGYP000918698406,0.9416,149,False,,,,False,,,False
MGYP001386323844,0.9195,105,False,,,,False,,,False
MGYP001577021493,0.8678,403,False,,,,False,,,False
MGYP000875702465,0.9227,263,False,,,,False,,,False
MGYP001442040629,0.9023,282,False,,,,False,,,False
MGYP003311283240,0.8147,300,False,,,,False,,,False
MGYP002787425749,0.895,68,False,,,,False,,,False
MGYP001110852406,0.9524,213,False,,,,False,,,False
MGYP001121570607,0.928,166,False,,,,False,,,False
MGYP000880160811,0.92,199,False,,,,False,,,False
MGYP000244671822,0.8893,68,False,,,,False,,,False
MGYP003829154399,0.7939,69,False,,,,False,,,False
MGYP001392189777,0.921,168,False,,,,False,,,False
MGYP000707391791,0.8342,250,False,,,,False,,,False
MGYP003524973834,0.9187,201,False,,,,False,,,False
MGYP001056601173,0.804,73,False,,,,False,,,False
MGYP003623327418,0.9449,195,False,,,,False,,,False
MGYP001486698116,0.8588,245,False,,,,False,,,False
MGYP001181552506,0.8573,170,False,,,,False,,,False
MGYP000635508778,0.934,402,False,,,,False,,,False
MGYP001436797246,0.9379,237,False,,,,False,,,False
MGYP001020662990,0.7361,619,False,,,,False,,,False
MGYP002068185656,0.856,52,False,,,,False,,,False
MGYP000471645629,0.9002,161,False,,,,False,,,False
MGYP002868839096,0.9628,374,False,,,,False,,,False
MGYP002749816163,0.9154,584,False,,,,False,,,False
MGYP001626289517,0.8613,148,False,,,,False,,,False
MGYP001306963385,0.8253,153,False,,,,False,,,False
MGYP000965551020,0.8757,224,False,,,,False,,,False
MGYP001353011316,0.7412,225,False,,,,False,,,False
MGYP001806255634,0.9805,244,False,,,,False,,,False
MGYP000679507916,0.8411,782,False,,,,False,,,False
MGYP003512520030,0.8556,227,False,,,,False,,,False
MGYP000946506814,0.9404,307,False,,,,False,,,False
MGYP000364293582,0.8718,68,False,,,,False,,,False
MGYP001445880949,0.8954,265,False,,,,False,,,False
MGYP003413371007,0.873,164,False,,,,False,,,False
MGYP000550583794,0.9243,164,False,,,,False,,,False
MGYP000081063375,0.9341,268,False,,,,False,,,False
MGYP000158344370,0.7264,257,False,,,,False,,,False
MGYP001304284235,0.922,104,False,,,,False,,,False
MGYP001581095442,0.9601,182,False,,,,False,,,False
MGYP002526720743,0.9557,223,False,,,,False,,,False
MGYP001185777003,0.8121,95,False,,,,False,,,False
MGYP000665260120,0.9026,57,False,,,,False,,,False
MGYP001370066964,0.84,133,False,,,,False,,,False
MGYP000719114233,0.8535,34,False,,,,False,,,False
MGYP003457479574,0.8935,178,False,,,,False,,,False
MGYP000399509476,0.9317,189,False,,,,False,,,False
MGYP003132912144,0.7472,282,False,,,,False,,,False
MGYP002625716662,0.7423,64,False,,,,False,,,False
MGYP000033886885,0.832,125,False,,,,False,,,False
MGYP003417701656,0.9205,79,False,,,,False,,,False
MGYP003136641535,0.8531,278,False,,,,False,,,False
MGYP003497184550,0.94,37,False,,,,False,,,False
MGYP001442397895,0.8033,249,False,,,,False,,,False
MGYP001186257894,0.8055,140,False,,,,False,,,False
MGYP000981775929,0.8224,310,False,,,,False,,,False
MGYP003348099910,0.9072,32,False,,,,False,,,False
MGYP003440211514,0.8106,248,False,,,,False,,,False
MGYP000577927103,0.9241,423,False,,,,False,,,False
MGYP001810225595,0.9054,67,False,,,,False,,,False
MGYP003453180432,0.9407,248,False,,,,False,,,False
MGYP000899684574,0.8497,234,False,,,,False,,,False
MGYP001596805601,0.8766,544,False,,,,False,,,False
MGYP003290499474,0.8509,129,False,,,,False,,,False
MGYP001115725046,0.8978,149,False,,,,False,,,False
MGYP001773604861,0.8931,198,False,,,,False,,,False
MGYP002882795834,0.828,232,False,,,,False,,,False
MGYP000226214800,0.8588,98,False,,,,False,,,False
MGYP000873200658,0.9536,174,False,,,,False,,,False
MGYP003296370296,0.8463,27,False,,,,False,,,False
MGYP000088044087,0.9047,30,False,,,,False,,,False
MGYP002520045964,0.8212,227,False,,,,False,,,False
MGYP000247222649,0.8654,433,False,,,,False,,,False
MGYP001564715657,0.8042,72,False,,,,False,,,False
MGYP000397230195,0.7897,91,False,,,,False,,,False
MGYP001065893225,0.8562,142,False,,,,False,,,False
MGYP000665034951,0.8346,167,False,,,,False,,,False
MGYP001394973873,0.8406,213,False,,,,False,,,False
MGYP003318416571,0.802,65,False,,,,False,,,False
MGYP000140775861,0.8421,212,False,,,,False,,,False
MGYP003612536880,0.8598,178,False,,,,False,,,False
MGYP000034495744,0.8829,55,False,,,,False,,,False
MGYP001122650917,0.8263,213,False,,,,False,,,False
MGYP001343558280,0.7811,85,False,,,,False,,,False
MGYP002639935003,0.9064,331,False,,,,False,,,False
MGYP001792513993,0.8446,175,False,,,,False,,,False
MGYP003300115949,0.871,191,False,,,,False,,,False
MGYP000609511925,0.8349,263,False,,,,False,,,False
MGYP003967285923,0.8994,175,False,,,,False,,,False
MGYP001794506699,0.8729,123,False,,,,False,,,False
MGYP001012060892,0.8034,262,False,,,,False,,,False
MGYP001614220594,0.8697,151,False,,,,False,,,False
MGYP000395100216,0.868,174,False,,,,False,,,False
MGYP001568265358,0.9051,315,False,,,,False,,,False
MGYP001040328243,0.7663,258,False,,,,False,,,False
MGYP001199018908,0.78,753,False,,,,False,,,False
